Predicción Sin Escalar,Predicción Con Escalado
1,1
0,0
0,0
1,1
0,0
1,1
1,1
0,0
1,1
0,0
1,1
0,0
1,1
0,0
0,0
1,1
1,1
0,0
0,0
0,0
1,1
0,0
0,0
0,0
1,1
1,1
0,0
1,1
0,0
1,1
0,0
0,0
1,1
1,1
1,1
0,0
0,0
1,1
1,1
1,1
1,1
1,1
1,1
1,1
1,1
1,1
1,1
0,0
1,1
1,1
0,0
0,0
1,1
0,0
1,1
1,1
1,1
0,0
0,0
1,1
0,0
0,0
1,1
0,0
1,1
1,1
1,1
0,0
1,1
1,1
0,0
0,0
1,1
0,0
0,0
0,0
0,0
1,1
1,1
1,1
0,0
1,1
0,0
0,0
0,0
0,0
0,0
0,0
1,1
0,0
0,0
1,1
0,0
0,0
1,1
0,0
1,1
1,1
0,0
1,1
1,1
1,1
1,1
1,1
1,1
0,0
0,0
1,1
1,1
0,0
0,0
1,1
0,0
1,1
0,0
1,1
0,0
0,0
1,1
1,1
1,1
0,0
0,0
0,0
1,1
0,0
1,1
0,0
1,1
1,1
0,0
1,1
1,1
0,0
0,0
0,0
0,0
0,0
0,0
0,0
0,0
0,0
1,1
1,1
1,1
0,0
0,0
0,0
1,1
1,1
1,1
1,1
1,1
0,0
0,0
0,0
1,1
0,0
0,0
1,1
1,1
1,1
0,0
0,0
1,1
0,0
0,0
1,1
0,0
1,1
1,1
1,1
0,0
0,0
0,0
0,0
0,0
1,1
1,1
0,0
1,1
1,1
0,0
0,0
0,0
1,1
0,0
1,1
0,0
0,0
0,0
0,0
0,0
0,0
0,0
1,1
1,1
0,0
1,1
1,1
1,1
1,1
0,0
1,1
1,1
0,0
1,1
0,0
0,0
1,1
0,0
0,0
1,1
1,1
1,1
1,1
1,1
0,0
1,1
0,0
1,1
0,0
0,0
0,0
0,0
0,0
0,0
0,0
0,0
1,1
0,0
1,1
0,0
0,0
1,1
1,1
1,1
0,0
1,1
0,0
1,1
1,1
0,0
1,1
1,1
1,1
0,0
1,1
1,1
1,1
1,1
1,1
1,1
1,1
1,1
0,0
0,0
1,1
1,1
0,0
1,1
1,1
1,1
0,0
0,0
1,1
0,0
0,0
0,0
1,1
0,0
0,0
0,0
1,1
0,0
0,0
1,1
1,1
1,1
0,0
0,0
0,0
0,0
1,1
0,0
0,0
1,1
0,0
0,0
0,0
1,1
1,1
1,1
0,0
1,1
1,1
1,1
1,1
0,0
1,1
1,1
0,0
0,0
0,0
0,0
0,0
1,1
1,1
1,1
0,0
0,0
1,1
1,1
1,1
0,0
0,0
1,1
1,1
1,1
1,1
1,1
1,1
0,0
0,0
1,1
0,0
0,0
1,1
0,0
1,1
0,0
1,1
1,1
0,0
0,0
1,1
0,0
0,0
0,0
0,0
0,0
1,1
1,1
1,1
0,0
1,1
1,1
1,1
1,1
0,0
0,0
1,1
0,0
1,1
0,0
1,1
0,0
0,0
0,0
1,1
0,0
1,1
0,0
0,0
1,1
1,1
0,0
0,0
0,0
1,1
1,1
0,0
0,0
1,1
0,0
0,0
0,0
1,1
0,0
1,1
1,1
1,1
1,1
1,1
1,1
1,1
1,1
0,0
1,1
1,1
1,1
1,1
0,0
0,0
1,1
0,0
1,1
0,0
1,1
1,1
1,1
1,1
1,1
1,1
1,1
1,1
1,1
0,0
0,0
1,1
0,0
0,0
1,1
0,0
0,0
1,1
1,1
1,1
0,0
0,0
1,1
1,1
1,1
0,0
0,0
1,1
1,1
1,1
0,0
0,0
0,0
1,1
1,1
0,0
0,0
0,0
1,1
1,1
0,0
0,0
1,1
0,0
1,1
0,0
0,0
1,1
0,0
1,1
1,1
1,1
1,1
1,1
1,1
1,1
0,0
0,0
0,0
1,1
1,1
1,1
0,0
1,1
1,1
1,1
0,0
1,1
0,0
0,0
0,0
0,0
0,0
0,0
0,0
0,0
0,0
0,0
1,1
0,0
0,0
0,0
0,0
1,1
0,0
0,0
1,1
1,1
1,1
1,1
1,1
0,0
1,1
0,0
0,0
0,0
0,0
0,0
1,1
1,1
0,0
1,1
1,1
0,0
1,1
1,1
0,0
0,0
1,1
0,0
0,0
0,0
1,1
1,1
1,1
0,0
0,0
0,0
1,1
0,0
1,1
0,0
1,1
1,1
1,1
0,0
1,1
1,1
0,0
0,0
0,0
0,0
0,0
1,1
1,1
0,0
1,1
0,0
0,0
1,1
1,1
1,1
0,0
1,1
0,0
1,1
0,0
0,0
1,1
1,1
0,0
0,0
0,0
1,1
0,0
0,0
1,1
0,0
0,0
0,0
0,0
0,0
0,0
1,1
1,1
0,0
0,0
0,0
0,0
0,0
1,1
1,1
1,1
0,0
0,0
0,0
0,0
1,1
1,1
0,0
0,0
1,1
1,1
1,1
0,0
1,1
1,1
1,1
1,1
1,1
1,1
0,0
0,0
1,1
1,1
0,0
1,1
0,0
1,1
0,0
0,0
0,0
0,0
1,1
1,1
1,1
0,0
1,1
1,1
0,0
0,0
0,0
0,0
1,1
0,0
1,1
0,0
0,0
0,0
1,1
0,0
1,1
1,1
0,0
0,0
0,0
0,0
0,0
0,0
0,0
1,1
0,0
1,1
0,0
1,1
1,1
1,1
1,1
0,0
1,1
0,0
0,0
1,1
1,1
1,1
0,0
0,0
1,1
0,0
0,0
0,0
0,0
0,0
1,1
1,1
1,1
0,0
0,0
0,0
0,0
0,0
0,0
1,1
1,1
1,1
0,0
1,1
1,1
1,1
1,1
1,1
0,0
1,1
1,1
1,1
0,0
1,1
1,1
0,0
0,0
1,1
1,1
0,0
0,0
0,0
0,0
1,1
1,1
0,0
1,1
0,0
0,0
1,1
1,1
1,1
0,0
1,1
1,1
1,1
1,1
0,0
0,0
0,0
1,1
0,0
1,1
1,1
1,1
1,1
0,0
0,0
0,0
0,0
0,0
0,0
1,1
0,0
0,0
0,0
1,1
1,1
0,0
0,0
0,0
1,1
1,1
1,1
0,0
0,0
1,1
0,0
1,1
0,0
1,1
0,0
1,1
0,0
0,0
0,0
1,1
1,1
1,1
1,1
1,1
0,0
1,1
0,0
1,1
1,1
0,0
0,0
0,0
1,1
1,1
1,1
1,1
1,1
1,1
1,1
1,1
0,0
0,0
1,1
0,0
0,0
0,0
1,1
0,0
0,0
1,1
1,1
0,0
0,0
0,0
0,0
0,0
1,1
0,0
0,0
1,1
0,0
1,1
1,1
1,1
0,0
1,1
1,1
0,0
1,1
0,0
1,1
0,0
1,1
1,1
1,1
1,1
0,0
0,0
1,1
1,1
0,0
0,0
0,0
1,1
0,0
0,0
1,1
1,1
0,0
1,1
1,1
1,1
0,0
0,0
1,1
1,1
0,0
1,1
1,1
0,0
0,0
0,0
1,1
1,1
1,1
1,1
0,0
0,0
1,1
1,1
0,0
0,0
0,0
1,1
1,1
0,0
1,1
0,0
1,1
0,0
0,0
1,1
1,1
0,0
0,0
1,1
0,0
1,1
0,0
0,0
0,0
0,0
0,0
1,1
0,0
0,0
0,0
1,1
1,1
1,1
0,0
0,0
1,1
1,1
1,1
1,1
0,0
1,1
1,1
0,0
1,1
0,0
1,1
1,1
1,1
1,1
0,0
1,1
1,1
1,1
1,1
0,0
0,0
1,1
0,0
0,0
1,1
0,0
1,1
1,1
0,0
1,1
0,0
0,0
1,1
0,0
0,0
0,0
0,0
0,0
0,0
0,0
1,1
0,0
1,1
0,0
0,0
1,1
1,1
0,0
1,1
0,0
1,1
0,0
0,0
0,0
1,1
0,0
1,1
0,0
1,1
1,1
1,1
1,1
0,0
1,1
1,1
0,0
1,1
0,0
0,0
0,0
0,0
1,1
0,0
1,1
0,0
0,0
0,0
1,1
0,0
1,1
1,1
1,1
0,0
0,0
1,1
0,0
0,0
1,1
0,0
0,0
1,1
1,1
0,0
1,1
1,1
0,0
0,0
1,1
1,1
0,0
1,1
1,1
1,1
1,1
0,0
0,0
1,1
0,0
1,1
0,0
0,0
1,1
0,0
0,0
1,1
0,0
0,0
0,0
1,1
1,1
1,1
1,1
0,0
0,0
1,1
0,0
0,0
1,1
0,0
1,1
0,0
0,0
0,0
1,1
1,1
0,0
0,0
0,0
1,1
0,0
0,0
0,0
1,1
0,0
1,1
0,0
1,1
1,1
1,1
1,1
1,1
0,0
0,0
0,0
0,0
1,1
1,1
1,1
1,1
0,0
1,1
1,1
1,1
0,0
0,0
0,0
0,0
1,1
1,1
1,1
1,1
1,1
1,1
0,0
0,0
1,1
1,1
0,0
0,0
0,0
1,1
0,0
0,0
1,1
0,0
1,1
0,0
0,0
0,0
1,1
0,0
1,1
0,0
1,1
1,1
1,1
1,1
0,0
1,1
0,0
1,1
0,0
1,1
1,1
0,0
0,0
0,0
1,1
0,0
0,0
1,1
0,0
1,1
0,0
1,1
0,0
1,1
0,0
1,1
0,0
1,1
1,1
1,1
1,1
1,1
1,1
1,1
0,0
1,1
1,1
0,0
0,0
0,0
1,1
0,0
0,0
0,0
0,0
0,0
0,0
1,1
1,1
1,1
1,1
1,1
1,1
1,1
1,1
1,1
0,0
1,1
1,1
0,0
1,1
1,1
0,0
0,0
0,0
0,0
1,1
0,0
0,0
1,1
0,0
1,1
1,1
1,1
0,0
1,1
1,1
1,1
0,0
1,1
0,0
0,0
0,0
1,1
0,0
0,0
0,0
0,0
0,0
1,1
0,0
0,0
0,0
0,0
1,1
0,0
0,0
1,1
1,1
0,0
0,0
1,1
1,1
0,0
1,1
0,0
0,0
0,0
0,0
0,0
1,1
1,1
1,1
1,1
1,1
1,1
1,1
1,1
0,0
0,0
0,0
1,1
0,0
1,1
0,0
1,1
1,1
1,1
1,1
0,0
0,0
1,1
0,0
1,1
1,1
1,1
1,1
0,0
1,1
0,0
1,1
1,1
0,0
1,1
0,0
0,0
1,1
0,0
1,1
0,0
1,1
1,1
0,0
0,0
1,1
0,0
1,1
1,1
0,0
1,1
1,1
0,0
1,1
1,1
1,1
1,1
0,0
1,1
1,1
0,0
0,0
1,1
1,1
1,1
0,0
1,1
1,1
0,0
0,0
0,0
1,1
1,1
1,1
0,0
1,1
0,0
1,1
1,1
1,1
1,1
1,1
1,1
0,0
0,0
1,1
0,0
0,0
0,0
0,0
0,0
0,0
1,1
0,0
0,0
0,0
1,1
1,1
0,0
0,0
0,0
1,1
1,1
0,0
1,1
0,0
0,0
1,1
1,1
1,1
0,0
1,1
0,0
0,0
0,0
1,1
1,1
1,1
1,1
1,1
1,1
1,1
1,1
1,1
0,0
0,0
1,1
0,0
1,1
1,1
1,1
0,0
0,0
0,0
0,0
1,1
0,0
0,0
1,1
1,1
0,0
1,1
0,0
1,1
0,0
1,1
1,1
1,1
0,0
1,1
1,1
1,1
1,1
0,0
0,0
0,0
1,1
1,1
1,1
1,1
1,1
0,0
1,1
0,0
0,0
1,1
1,1
1,1
0,0
1,1
1,1
0,0
1,1
1,1
1,1
0,0
0,0
0,0
0,0
0,0
1,1
0,0
1,1
1,1
1,1
0,0
0,0
0,0
0,0
1,1
0,0
0,0
1,1
1,1
0,0
0,0
1,1
1,1
1,1
1,1
1,1
1,1
1,1
0,0
0,0
1,1
1,1
0,0
0,0
0,0
0,0
1,1
0,0
0,0
1,1
1,1
0,0
0,0
0,0
1,1
1,1
1,1
0,0
0,0
0,0
1,1
1,1
0,0
0,0
1,1
1,1
0,0
1,1
1,1
0,0
0,0
1,1
1,1
0,0
0,0
0,0
1,1
0,0
0,0
0,0
0,0
1,1
1,1
0,0
0,0
0,0
0,0
0,0
0,0
1,1
0,0
1,1
1,1
0,0
1,1
0,0
0,0
0,0
1,1
1,1
1,1
1,1
1,1
1,1
0,0
0,0
1,1
1,1
0,0
0,0
1,1
0,0
0,0
0,0
0,0
0,0
1,1
1,1
1,1
0,0
0,0
1,1
1,1
1,1
1,1
1,1
0,0
0,0
1,1
0,0
0,0
0,0
1,1
0,0
0,0
0,0
0,0
0,0
0,0
0,0
1,1
1,1
0,0
0,0
1,1
0,0
0,0
0,0
0,0
0,0
0,0
1,1
1,1
1,1
1,1
0,0
1,1
0,0
0,0
1,1
1,1
0,0
1,1
1,1
1,1
1,1
1,1
0,0
0,0
0,0
1,1
1,1
0,0
1,1
1,1
1,1
0,0
1,1
0,0
1,1
0,0
0,0
1,1
1,1
1,1
1,1
1,1
0,0
1,1
0,0
0,0
1,1
1,1
0,0
1,1
0,0
1,1
0,0
0,0
0,0
0,0
0,0
0,0
0,0
0,0
0,0
1,1
0,0
0,0
1,1
0,0
1,1
0,0
0,0
1,1
0,0
1,1
1,1
1,1
0,0
1,1
0,0
1,1
0,0
0,0
0,0
1,1
1,1
1,1
0,0
0,0
0,0
1,1
0,0
0,0
0,0
0,0
0,0
1,1
1,1
1,1
1,1
0,0
0,0
0,0
0,0
0,0
1,1
0,0
0,0
1,1
0,0
0,0
0,0
0,0
0,0
1,1
0,0
1,1
1,1
1,1
0,0
0,0
1,1
0,0
0,0
0,0
0,0
1,1
0,0
0,0
1,1
1,1
0,0
1,1
1,1
1,1
1,1
0,0
0,0
1,1
0,0
0,0
0,0
0,0
1,1
0,0
1,1
0,0
0,0
0,0
1,1
0,0
1,1
0,0
0,0
1,1
1,1
1,1
1,1
1,1
0,0
0,0
0,0
0,0
0,0
0,0
0,0
0,0
0,0
1,1
1,1
0,0
0,0
1,1
0,0
1,1
1,1
1,1
1,1
1,1
0,0
0,0
0,0
0,0
1,1
0,0
1,1
0,0
1,1
1,1
0,0
1,1
1,1
1,1
1,1
1,1
0,0
0,0
1,1
0,0
1,1
1,1
1,1
1,1
1,1
0,0
1,1
1,1
1,1
1,1
1,1
1,1
0,0
0,0
1,1
1,1
1,1
0,0
1,1
1,1
0,0
1,1
0,0
0,0
0,0
1,1
0,0
0,0
1,1
0,0
1,1
0,0
0,0
1,1
0,0
1,1
0,0
0,0
1,1
1,1
0,0
1,1
1,1
0,0
1,1
1,1
0,0
1,1
1,1
0,0
0,0
1,1
1,1
1,1
1,1
0,0
0,0
1,1
0,0
1,1
0,0
1,1
1,1
1,1
1,1
1,1
0,0
1,1
1,1
0,0
1,1
0,0
0,0
1,1
1,1
1,1
0,0
0,0
1,1
0,0
1,1
1,1
0,0
0,0
0,0
0,0
1,1
1,1
0,0
1,1
1,1
0,0
0,0
0,0
1,1
1,1
0,0
0,0
0,0
0,0
0,0
0,0
1,1
1,1
0,0
0,0
0,0
0,0
0,0
1,1
1,1
1,1
1,1
0,0
0,0
0,0
0,0
1,1
0,0
0,0
1,1
0,0
0,0
0,0
1,1
1,1
1,1
0,0
1,1
1,1
0,0
1,1
0,0
1,1
1,1
1,1
1,1
0,0
0,0
0,0
0,0
0,0
0,0
0,0
1,1
0,0
0,0
0,0
0,0
1,1
1,1
1,1
0,0
1,1
1,1
0,0
0,0
0,0
1,1
0,0
0,0
1,1
1,1
1,1
0,0
1,1
0,0
0,0
0,0
0,0
0,0
0,0
1,1
0,0
1,1
1,1
0,0
0,0
0,0
0,0
1,1
0,0
1,1
1,1
0,0
0,0
0,0
1,1
1,1
1,1
1,1
0,0
0,0
0,0
0,0
0,0
0,0
0,0
0,0
1,1
1,1
0,0
0,0
0,0
0,0
1,1
0,0
0,0
0,0
1,1
0,0
0,0
0,0
1,1
0,0
0,0
1,1
0,0
1,1
1,1
0,0
1,1
1,1
0,0
0,0
1,1
1,1
1,1
1,1
1,1
0,0
1,1
0,0
1,1
0,0
0,0
0,0
1,1
1,1
1,1
1,1
0,0
0,0
1,1
0,0
0,0
0,0
0,0
0,0
1,1
0,0
1,1
1,1
1,1
1,1
1,1
1,1
0,0
0,0
0,0
0,0
0,0
0,0
1,1
0,0
0,0
1,1
1,1
1,1
1,1
1,1
1,1
0,0
0,0
0,0
0,0
0,0
0,0
1,1
0,0
0,0
1,1
0,0
1,1
1,1
0,0
0,0
1,1
0,0
1,1
0,0
0,0
0,0
0,0
1,1
0,0
0,0
0,0
1,1
1,1
0,0
1,1
1,1
0,0
0,0
1,1
1,1
1,1
0,0
1,1
1,1
1,1
1,1
1,1
1,1
0,0
1,1
0,0
1,1
0,0
1,1
0,0
1,1
0,0
1,1
0,0
1,1
0,0
1,1
0,0
1,1
1,1
0,0
1,1
1,1
1,1
0,0
1,1
0,0
0,0
0,0
0,0
0,0
1,1
0,0
1,1
0,0
1,1
1,1
1,1
0,0
1,1
1,1
0,0
1,1
0,0
1,1
0,0
1,1
1,1
0,0
1,1
0,0
0,0
1,1
1,1
0,0
1,1
1,1
1,1
1,1
0,0
1,1
1,1
1,1
0,0
0,0
0,0
1,1
1,1
0,0
0,0
0,0
0,0
1,1
0,0
1,1
1,1
1,1
0,0
1,1
0,0
0,0
0,0
0,0
1,1
0,0
0,0
1,1
1,1
1,1
0,0
1,1
1,1
1,1
1,1
0,0
1,1
0,0
1,1
0,0
1,1
0,0
1,1
0,0
1,1
1,1
1,1
0,0
1,1
0,0
1,1
1,1
0,0
1,1
1,1
0,0
1,1
0,0
1,1
1,1
0,0
0,0
1,1
1,1
0,0
0,0
0,0
1,1
1,1
0,0
1,1
0,0
0,0
1,1
1,1
1,1
0,0
0,0
0,0
1,1
0,0
0,0
0,0
1,1
0,0
0,0
0,0
0,0
0,0
0,0
0,0
1,1
0,0
0,0
0,0
1,1
0,0
0,0
0,0
0,0
0,0
0,0
1,1
1,1
1,1
1,1
1,1
1,1
0,0
1,1
0,0
1,1
1,1
0,0
1,1
0,0
0,0
1,1
0,0
1,1
1,1
1,1
1,1
1,1
0,0
1,1
0,0
0,0
0,0
1,1
0,0
1,1
0,0
0,0
0,0
0,0
1,1
1,1
0,0
1,1
1,1
0,0
1,1
0,0
1,1
0,0
0,0
0,0
0,0
1,1
0,0
0,0
1,1
0,0
0,0
0,0
0,0
1,1
1,1
1,1
0,0
0,0
0,0
1,1
0,0
1,1
0,0
1,1
0,0
1,1
1,1
1,1
1,1
0,0
1,1
1,1
1,1
0,0
1,1
0,0
1,1
0,0
0,0
0,0
0,0
0,0
1,1
0,0
0,0
0,0
1,1
0,0
0,0
0,0
1,1
0,0
0,0
1,1
0,0
0,0
0,0
1,1
1,1
1,1
0,0
0,0
0,0
1,1
1,1
0,0
0,0
1,1
1,1
1,1
0,0
1,1
0,0
0,0
1,1
0,0
1,1
1,1
1,1
0,0
1,1
0,0
0,0
1,1
1,1
1,1
0,0
1,1
0,0
1,1
0,0
0,0
1,1
0,0
0,0
1,1
1,1
1,1
1,1
0,0
0,0
0,0
1,1
1,1
0,0
1,1
1,1
0,0
1,1
0,0
0,0
0,0
0,0
1,1
0,0
1,1
1,1
0,0
0,0
0,0
0,0
1,1
0,0
1,1
0,0
1,1
1,1
0,0
0,0
1,1
1,1
0,0
1,1
0,0
1,1
1,1
1,1
0,0
0,0
0,0
1,1
1,1
1,1
1,1
0,0
0,0
0,0
0,0
0,0
1,1
1,1
1,1
0,0
0,0
1,1
1,1
0,0
0,0
1,1
0,0
1,1
0,0
1,1
0,0
1,1
1,1
1,1
0,0
0,0
1,1
1,1
0,0
1,1
1,1
0,0
1,1
0,0
0,0
0,0
1,1
0,0
0,0
1,1
0,0
1,1
1,1
1,1
1,1
1,1
0,0
0,0
1,1
0,0
1,1
1,1
0,0
0,0
1,1
1,1
1,1
0,0
0,0
0,0
1,1
1,1
0,0
1,1
1,1
0,0
0,0
1,1
0,0
1,1
0,0
1,1
0,0
0,0
1,1
0,0
1,1
0,0
1,1
1,1
0,0
0,0
1,1
0,0
1,1
1,1
0,0
0,0
1,1
0,0
0,0
1,1
0,0
1,1
1,1
0,0
0,0
1,1
0,0
1,1
1,1
0,0
0,0
1,1
0,0
1,1
1,1
0,0
0,0
0,0
0,0
1,1
0,0
1,1
0,0
1,1
1,1
0,0
0,0
1,1
0,0
1,1
1,1
1,1
0,0
0,0
0,0
1,1
1,1
0,0
1,1
1,1
1,1
0,0
1,1
1,1
1,1
0,0
0,0
0,0
0,0
1,1
1,1
0,0
0,0
0,0
0,0
1,1
1,1
0,0
1,1
1,1
0,0
0,0
0,0
0,0
0,0
0,0
0,0
1,1
0,0
1,1
1,1
1,1
1,1
1,1
1,1
1,1
1,1
0,0
0,0
1,1
1,1
0,0
1,1
0,0
1,1
1,1
0,0
0,0
0,0
1,1
1,1
1,1
0,0
1,1
0,0
1,1
0,0
1,1
1,1
0,0
0,0
1,1
1,1
1,1
1,1
1,1
0,0
1,1
0,0
0,0
1,1
1,1
1,1
1,1
1,1
0,0
0,0
0,0
1,1
0,0
0,0
1,1
0,0
0,0
0,0
1,1
1,1
1,1
0,0
1,1
1,1
0,0
0,0
0,0
1,1
0,0
1,1
0,0
1,1
1,1
1,1
1,1
1,1
1,1
0,0
1,1
0,0
1,1
0,0
1,1
0,0
1,1
1,1
1,1
0,0
1,1
0,0
0,0
1,1
1,1
1,1
1,1
0,0
1,1
1,1
0,0
0,0
1,1
0,0
1,1
1,1
0,0
0,0
0,0
1,1
0,0
0,0
1,1
0,0
1,1
1,1
1,1
0,0
1,1
0,0
0,0
1,1
0,0
1,1
1,1
1,1
1,1
0,0
1,1
1,1
0,0
0,0
1,1
1,1
0,0
1,1
0,0
1,1
0,0
1,1
1,1
0,0
1,1
0,0
0,0
1,1
0,0
0,0
0,0
0,0
0,0
1,1
0,0
0,0
0,0
1,1
0,0
0,0
1,1
0,0
0,0
1,1
1,1
1,1
0,0
0,0
0,0
0,0
1,1
1,1
1,1
1,1
0,0
0,0
1,1
1,1
0,0
1,1
1,1
0,0
0,0
0,0
1,1
1,1
0,0
0,0
1,1
0,0
1,1
0,0
0,0
0,0
1,1
1,1
1,1
1,1
1,1
1,1
1,1
1,1
0,0
0,0
0,0
0,0
1,1
1,1
1,1
1,1
1,1
0,0
0,0
0,0
0,0
0,0
0,0
0,0
0,0
0,0
1,1
0,0
1,1
1,1
1,1
1,1
0,0
1,1
0,0
1,1
0,0
1,1
0,0
0,0
1,1
0,0
0,0
0,0
1,1
0,0
0,0
1,1
0,0
0,0
1,1
1,1
0,0
0,0
0,0
0,0
1,1
0,0
1,1
0,0
1,1
0,0
0,0
1,1
1,1
1,1
1,1
0,0
0,0
0,0
0,0
0,0
1,1
0,0
0,0
0,0
0,0
1,1
0,0
0,0
0,0
1,1
1,1
0,0
0,0
0,0
0,0
1,1
1,1
1,1
0,0
0,0
0,0
0,0
1,1
0,0
0,0
1,1
0,0
1,1
1,1
0,0
0,0
0,0
0,0
1,1
0,0
0,0
1,1
1,1
1,1
1,1
1,1
0,0
1,1
0,0
0,0
1,1
1,1
1,1
1,1
1,1
0,0
0,0
0,0
0,0
0,0
1,1
0,0
1,1
1,1
1,1
0,0
0,0
0,0
0,0
0,0
1,1
1,1
1,1
1,1
0,0
1,1
0,0
1,1
1,1
1,1
1,1
0,0
1,1
0,0
0,0
1,1
1,1
1,1
0,0
0,0
1,1
0,0
0,0
0,0
0,0
1,1
1,1
0,0
0,0
0,0
0,0
1,1
0,0
1,1
0,0
0,0
0,0
0,0
0,0
1,1
1,1
1,1
0,0
0,0
1,1
1,1
1,1
1,1
1,1
0,0
0,0
1,1
1,1
0,0
0,0
1,1
1,1
0,0
0,0
1,1
0,0
1,1
0,0
0,0
0,0
0,0
1,1
0,0
0,0
1,1
1,1
0,0
0,0
0,0
0,0
1,1
1,1
0,0
0,0
0,0
1,1
1,1
0,0
0,0
0,0
0,0
0,0
0,0
1,1
1,1
0,0
1,1
1,1
1,1
0,0
0,0
1,1
1,1
0,0
1,1
0,0
0,0
0,0
0,0
0,0
1,1
1,1
0,0
0,0
0,0
1,1
0,0
0,0
0,0
0,0
1,1
1,1
1,1
1,1
1,1
1,1
1,1
1,1
1,1
1,1
0,0
0,0
1,1
0,0
1,1
0,0
0,0
1,1
1,1
0,0
0,0
0,0
1,1
1,1
0,0
1,1
1,1
0,0
1,1
1,1
0,0
0,0
1,1
1,1
1,1
0,0
1,1
0,0
0,0
1,1
0,0
0,0
0,0
1,1
1,1
0,0
0,0
0,0
1,1
0,0
0,0
0,0
0,0
1,1
1,1
1,1
1,1
1,1
0,0
1,1
0,0
0,0
1,1
1,1
0,0
1,1
0,0
1,1
0,0
1,1
1,1
0,0
1,1
1,1
0,0
0,0
0,0
1,1
0,0
1,1
0,0
0,0
0,0
1,1
1,1
0,0
0,0
0,0
1,1
1,1
0,0
1,1
0,0
0,0
1,1
1,1
1,1
1,1
1,1
0,0
0,0
1,1
0,0
1,1
0,0
0,0
0,0
1,1
0,0
0,0
1,1
1,1
0,0
1,1
0,0
1,1
1,1
1,1
1,1
1,1
1,1
0,0
1,1
1,1
0,0
1,1
1,1
0,0
1,1
0,0
1,1
1,1
0,0
1,1
1,1
1,1
0,0
1,1
0,0
0,0
0,0
0,0
1,1
0,0
1,1
0,0
0,0
1,1
1,1
1,1
0,0
0,0
1,1
0,0
0,0
0,0
0,0
1,1
1,1
0,0
1,1
0,0
0,0
0,0
0,0
1,1
0,0
1,1
0,0
0,0
0,0
1,1
1,1
0,0
0,0
0,0
0,0
0,0
1,1
0,0
0,0
1,1
1,1
1,1
0,0
0,0
0,0
0,0
1,1
1,1
0,0
1,1
0,0
1,1
0,0
1,1
1,1
0,0
0,0
0,0
0,0
1,1
0,0
1,1
0,0
1,1
1,1
1,1
0,0
1,1
1,1
0,0
1,1
1,1
0,0
1,1
1,1
1,1
0,0
0,0
0,0
1,1
0,0
1,1
0,0
1,1
0,0
0,0
0,0
0,0
1,1
0,0
0,0
1,1
1,1
0,0
1,1
1,1
1,1
1,1
1,1
1,1
1,1
0,0
1,1
1,1
1,1
1,1
1,1
1,1
0,0
1,1
0,0
1,1
0,0
0,0
0,0
1,1
0,0
1,1
1,1
0,0
1,1
0,0
0,0
1,1
1,1
0,0
1,1
0,0
0,0
0,0
0,0
0,0
1,1
1,1
0,0
1,1
0,0
0,0
1,1
0,0
1,1
1,1
1,1
1,1
1,1
0,0
0,0
1,1
0,0
0,0
1,1
0,0
0,0
0,0
1,1
0,0
0,0
0,0
0,0
1,1
0,0
0,0
1,1
0,0
1,1
0,0
1,1
0,0
0,0
1,1
0,0
0,0
0,0
0,0
1,1
1,1
0,0
1,1
1,1
1,1
0,0
0,0
0,0
0,0
1,1
0,0
1,1
1,1
0,0
1,1
0,0
1,1
1,1
0,0
0,0
1,1
0,0
0,0
1,1
1,1
0,0
1,1
1,1
1,1
0,0
1,1
0,0
1,1
1,1
0,0
0,0
1,1
0,0
0,0
0,0
1,1
1,1
0,0
0,0
1,1
0,0
1,1
0,0
1,1
1,1
0,0
0,0
1,1
1,1
0,0
0,0
0,0
0,0
1,1
0,0
1,1
1,1
1,1
1,1
0,0
0,0
1,1
1,1
1,1
0,0
0,0
1,1
0,0
0,0
1,1
0,0
1,1
0,0
0,0
1,1
0,0
0,0
0,0
0,0
0,0
0,0
0,0
1,1
1,1
0,0
0,0
0,0
1,1
0,0
0,0
1,1
0,0
1,1
1,1
0,0
1,1
0,0
1,1
0,0
1,1
1,1
1,1
0,0
1,1
1,1
1,1
1,1
0,0
1,1
0,0
0,0
0,0
0,0
0,0
0,0
1,1
1,1
0,0
0,0
0,0
0,0
0,0
0,0
0,0
0,0
0,0
0,0
1,1
0,0
0,0
0,0
0,0
1,1
0,0
0,0
1,1
1,1
0,0
0,0
1,1
0,0
1,1
1,1
0,0
1,1
0,0
1,1
0,0
1,1
1,1
0,0
1,1
0,0
0,0
0,0
0,0
0,0
0,0
0,0
1,1
1,1
1,1
0,0
1,1
1,1
0,0
1,1
1,1
0,0
0,0
1,1
0,0
1,1
0,0
0,0
1,1
0,0
1,1
1,1
0,0
1,1
0,0
1,1
0,0
1,1
1,1
1,1
1,1
1,1
0,0
0,0
0,0
0,0
1,1
0,0
1,1
0,0
1,1
0,0
1,1
0,0
0,0
1,1
1,1
0,0
0,0
1,1
1,1
0,0
0,0
0,0
1,1
0,0
1,1
0,0
1,1
0,0
0,0
1,1
0,0
1,1
0,0
0,0
1,1
1,1
1,1
1,1
1,1
0,0
1,1
1,1
1,1
1,1
1,1
0,0
0,0
0,0
0,0
0,0
1,1
0,0
1,1
0,0
0,0
1,1
1,1
1,1
0,0
1,1
1,1
0,0
0,0
0,0
0,0
0,0
0,0
0,0
0,0
0,0
1,1
0,0
1,1
0,0
0,0
0,0
0,0
1,1
0,0
1,1
1,1
1,1
0,0
0,0
0,0
1,1
1,1
1,1
1,1
0,0
1,1
1,1
1,1
0,0
0,0
0,0
0,0
1,1
1,1
0,0
1,1
1,1
0,0
0,0
1,1
0,0
0,0
0,0
1,1
0,0
0,0
0,0
1,1
0,0
0,0
0,0
0,0
1,1
0,0
0,0
1,1
0,0
1,1
0,0
0,0
0,0
0,0
0,0
1,1
0,0
0,0
1,1
0,0
0,0
1,1
0,0
1,1
0,0
0,0
0,0
0,0
0,0
1,1
1,1
0,0
0,0
1,1
1,1
0,0
1,1
1,1
0,0
0,0
0,0
0,0
0,0
0,0
1,1
1,1
1,1
1,1
1,1
0,0
1,1
0,0
0,0
0,0
1,1
0,0
1,1
0,0
0,0
1,1
1,1
0,0
1,1
1,1
0,0
1,1
0,0
1,1
0,0
0,0
1,1
1,1
1,1
1,1
0,0
0,0
1,1
1,1
1,1
1,1
0,0
0,0
1,1
0,0
1,1
1,1
0,0
0,0
1,1
1,1
1,1
0,0
0,0
1,1
1,1
1,1
1,1
1,1
0,0
0,0
0,0
1,1
0,0
1,1
1,1
0,0
0,0
0,0
0,0
1,1
0,0
1,1
0,0
0,0
0,0
1,1
1,1
1,1
1,1
1,1
1,1
1,1
1,1
0,0
0,0
0,0
0,0
0,0
0,0
0,0
0,0
0,0
0,0
1,1
1,1
1,1
1,1
1,1
1,1
0,0
1,1
0,0
0,0
1,1
0,0
1,1
1,1
1,1
0,0
1,1
1,1
1,1
1,1
1,1
1,1
0,0
1,1
1,1
0,0
0,0
1,1
0,0
0,0
0,0
0,0
0,0
0,0
1,1
0,0
1,1
0,0
1,1
0,0
1,1
1,1
1,1
0,0
0,0
1,1
0,0
0,0
1,1
1,1
1,1
1,1
0,0
0,0
1,1
1,1
1,1
1,1
0,0
1,1
0,0
1,1
1,1
0,0
1,1
1,1
0,0
1,1
1,1
0,0
1,1
0,0
0,0
0,0
0,0
1,1
1,1
1,1
1,1
1,1
1,1
0,0
1,1
1,1
0,0
1,1
1,1
0,0
0,0
1,1
0,0
1,1
1,1
0,0
0,0
0,0
1,1
0,0
0,0
1,1
0,0
1,1
1,1
1,1
1,1
1,1
0,0
0,0
0,0
1,1
0,0
1,1
0,0
0,0
1,1
1,1
0,0
0,0
0,0
1,1
1,1
1,1
1,1
0,0
1,1
1,1
0,0
1,1
0,0
0,0
1,1
1,1
1,1
1,1
1,1
0,0
0,0
0,0
1,1
0,0
0,0
0,0
1,1
1,1
0,0
0,0
1,1
1,1
1,1
0,0
1,1
0,0
0,0
1,1
0,0
0,0
1,1
0,0
0,0
0,0
0,0
1,1
0,0
1,1
1,1
0,0
1,1
0,0
1,1
1,1
1,1
0,0
1,1
0,0
1,1
1,1
1,1
0,0
0,0
1,1
0,0
0,0
0,0
1,1
1,1
0,0
0,0
1,1
0,0
0,0
0,0
1,1
1,1
0,0
0,0
1,1
1,1
1,1
0,0
1,1
1,1
1,1
1,1
0,0
1,1
0,0
0,0
0,0
0,0
0,0
1,1
1,1
1,1
0,0
1,1
0,0
0,0
0,0
0,0
1,1
0,0
0,0
1,1
0,0
0,0
0,0
1,1
1,1
1,1
0,0
0,0
0,0
1,1
1,1
1,1
1,1
0,0
0,0
0,0
1,1
1,1
0,0
1,1
1,1
1,1
1,1
1,1
1,1
0,0
0,0
0,0
1,1
0,0
1,1
1,1
0,0
1,1
1,1
1,1
1,1
1,1
0,0
0,0
1,1
1,1
0,0
0,0
0,0
1,1
0,0
1,1
1,1
1,1
0,0
0,0
0,0
1,1
1,1
0,0
1,1
0,0
0,0
1,1
0,0
1,1
1,1
0,0
0,0
0,0
0,0
1,1
0,0
0,0
1,1
1,1
1,1
1,1
1,1
0,0
1,1
1,1
0,0
0,0
1,1
1,1
1,1
1,1
1,1
0,0
0,0
0,0
1,1
0,0
0,0
1,1
1,1
0,0
1,1
1,1
0,0
0,0
1,1
1,1
1,1
0,0
1,1
0,0
1,1
1,1
0,0
1,1
1,1
1,1
0,0
1,1
1,1
1,1
1,1
1,1
1,1
0,0
1,1
1,1
1,1
1,1
1,1
0,0
1,1
0,0
0,0
0,0
0,0
1,1
1,1
0,0
0,0
0,1
1,1
1,1
0,0
0,0
1,1
0,0
0,0
0,0
0,0
0,0
0,0
0,0
1,1
1,1
1,1
0,0
1,0
1,0
1,1
1,1
1,1
1,1
0,0
1,1
0,0
1,1
0,0
0,0
1,1
1,1
0,0
1,1
0,0
0,0
0,0
0,0
0,0
1,1
1,1
1,1
0,0
0,0
0,0
0,0
1,1
0,0
0,0
0,0
0,0
0,0
1,1
1,1
0,0
0,0
1,1
0,0
0,0
0,0
1,1
1,1
1,1
0,0
1,1
0,0
1,1
0,0
0,0
1,1
0,0
0,0
1,1
0,0
1,1
0,0
0,0
1,1
1,1
0,0
0,0
0,0
1,1
0,0
0,0
0,0
0,0
0,0
0,0
0,0
1,1
1,1
0,0
1,1
0,0
1,1
0,0
0,0
0,0
0,0
1,1
0,0
1,1
0,0
1,1
0,0
1,1
0,0
1,1
1,1
1,1
0,0
1,1
1,1
1,1
1,1
1,1
1,1
1,1
0,0
1,1
0,0
0,0
0,0
0,0
0,0
0,0
0,0
1,1
1,1
1,1
1,1
1,1
1,1
0,0
0,0
1,1
1,1
1,1
1,1
1,1
0,0
1,1
0,0
0,0
0,0
0,0
0,0
0,0
1,1
0,0
0,0
0,0
1,1
0,0
0,0
0,0
0,0
0,0
1,1
0,0
1,1
0,0
1,1
0,0
0,0
0,0
0,0
1,1
1,1
1,1
0,0
0,0
1,1
0,0
0,0
0,0
1,1
0,0
0,0
1,1
1,1
1,1
1,1
0,0
1,1
1,1
1,1
1,1
0,0
1,1
1,1
1,1
0,0
0,0
0,0
1,1
0,0
1,1
0,0
1,1
0,0
0,0
1,0
0,0
0,0
0,0
1,1
0,0
1,1
1,1
1,1
0,0
0,0
0,0
0,0
1,1
0,0
0,0
0,0
0,0
0,0
1,1
1,1
0,0
0,0
0,0
0,0
0,0
0,0
0,0
0,0
1,1
0,0
1,1
0,0
0,0
0,0
0,0
0,0
0,0
0,0
0,0
1,1
0,0
1,1
1,1
1,1
1,1
0,0
0,0
0,0
0,0
1,1
1,1
0,0
1,1
0,0
0,0
0,0
1,1
0,0
1,1
0,0
1,1
1,1
1,1
1,1
0,0
0,0
0,0
1,1
1,1
0,0
0,0
0,0
0,0
0,0
1,1
0,0
1,1
1,1
0,0
0,0
0,0
1,1
1,1
1,1
0,0
1,1
1,1
1,1
0,0
0,0
0,0
1,1
1,1
1,1
1,1
1,1
0,0
0,0
1,1
0,0
1,1
0,0
1,1
0,0
1,1
0,0
1,1
1,1
1,1
1,1
1,1
0,0
0,0
0,0
1,1
0,0
0,0
0,0
0,0
0,0
0,0
1,1
0,0
0,0
1,1
1,1
0,0
0,0
0,0
1,1
0,0
0,0
1,1
1,1
0,0
0,0
0,0
0,0
1,1
1,1
1,1
1,1
0,0
0,0
1,1
0,0
1,1
0,0
0,0
1,1
1,1
1,1
0,0
0,0
1,1
0,0
0,0
0,0
0,0
1,1
1,1
1,1
0,0
0,0
0,0
0,0
0,0
0,0
0,0
0,0
0,0
1,1
0,0
1,1
0,0
0,0
1,1
0,0
0,0
1,1
0,0
1,1
0,0
0,0
1,1
0,0
0,0
1,1
0,0
0,1
0,0
1,1
0,0
0,0
1,1
0,0
0,0
0,0
0,0
0,0
1,1
0,0
1,1
0,0
1,1
0,0
0,0
1,1
0,0
0,0
0,0
0,0
0,0
0,0
1,1
0,0
1,1
1,1
0,0
1,1
0,0
1,1
0,0
0,0
1,1
1,1
0,1
1,1
0,0
1,1
1,1
0,0
1,1
1,1
1,1
0,0
0,0
0,0
0,0
1,1
0,0
1,1
1,1
1,1
0,0
0,0
0,0
1,1
1,1
1,1
0,0
0,0
0,0
0,0
1,1
1,1
1,1
0,0
0,0
0,0
0,0
1,1
1,1
1,1
1,1
1,1
0,0
0,0
0,0
0,0
0,0
1,1
0,0
0,0
1,1
1,1
1,1
0,0
0,0
0,0
0,0
0,1
0,0
1,1
0,0
1,1
1,1
1,1
1,1
0,0
1,1
1,1
0,0
0,0
0,0
1,1
0,0
1,1
1,1
0,0
0,0
0,0
0,0
1,1
0,0
1,1
0,0
0,1
0,0
0,0
1,1
0,0
0,0
0,0
0,0
0,0
1,1
0,0
0,0
0,0
1,1
0,0
1,1
1,1
0,0
0,0
0,0
1,1
1,1
1,1
0,0
1,1
1,1
1,1
1,1
0,0
1,1
0,0
0,0
0,0
1,1
0,0
1,1
1,1
1,1
1,1
0,0
0,1
0,0
1,1
1,1
1,1
1,1
0,0
0,0
1,1
0,0
0,0
1,1
0,0
1,1
1,0
0,0
1,1
0,0
1,1
0,0
1,1
0,0
0,0
1,1
1,1
1,1
1,1
1,1
0,0
0,0
0,0
1,1
1,1
0,0
1,1
0,0
0,0
1,1
1,1
0,0
0,0
0,0
1,1
0,0
1,1
1,1
0,0
1,1
0,0
0,0
0,0
0,0
0,0
0,0
0,0
0,0
0,0
1,1
1,1
0,0
0,0
0,0
1,1
1,1
0,0
1,1
1,1
0,0
1,1
1,1
0,0
0,0
1,1
0,0
0,0
1,1
0,0
0,0
1,1
0,0
1,1
1,1
0,0
0,0
0,0
1,1
1,1
1,1
1,1
0,0
0,0
1,1
0,0
1,1
0,0
0,0
1,1
1,1
0,0
1,1
0,0
0,0
0,0
1,1
0,0
1,1
1,1
0,0
0,0
0,0
1,1
0,0
1,1
0,0
0,0
1,1
0,0
0,0
0,0
0,0
0,0
0,0
1,1
1,1
0,0
0,0
1,1
1,1
0,0
0,0
1,1
1,1
0,0
1,1
1,1
1,0
0,0
0,0
1,1
0,0
0,0
1,1
0,0
1,1
1,1
0,0
0,0
0,0
0,0
0,0
1,0
0,0
1,1
0,0
1,1
1,1
0,0
0,0
0,0
0,0
1,1
0,0
0,0
0,0
1,1
0,0
1,0
1,1
0,0
0,0
0,0
1,1
0,0
0,0
1,1
0,0
0,0
0,0
0,0
1,1
0,0
0,0
0,0
1,1
0,0
0,0
1,1
0,0
1,1
0,0
0,0
0,0
0,0
0,0
0,0
0,0
0,0
0,0
0,0
0,0
0,0
1,1
0,0
0,0
1,1
0,0
1,1
0,0
0,0
1,1
0,0
0,0
1,1
1,1
1,1
1,1
0,0
1,1
1,1
1,1
1,1
1,1
1,1
1,1
0,0
0,0
1,1
0,0
1,1
1,1
1,1
1,1
0,0
1,1
1,1
0,0
1,1
1,1
1,1
0,0
1,1
1,1
0,0
0,0
0,0
1,1
0,0
1,1
1,1
0,0
0,0
0,0
0,0
1,1
0,0
1,1
1,1
0,0
0,0
1,1
0,0
0,0
1,1
1,1
1,1
0,0
1,1
0,0
0,0
1,1
0,0
0,0
0,0
1,1
0,0
0,0
0,0
0,0
1,1
0,0
0,0
1,1
0,0
0,0
0,0
0,0
0,0
0,0
1,1
0,0
1,1
1,1
1,1
1,1
0,0
1,1
1,1
0,0
0,0
0,0
0,0
0,0
1,1
0,0
0,0
1,1
0,0
0,0
0,0
0,0
1,1
0,0
1,1
1,1
1,1
1,1
0,0
0,0
1,1
0,0
1,1
0,0
0,0
0,0
0,0
0,0
0,0
0,0
0,0
0,0
1,1
0,0
0,0
1,1
0,0
0,0
1,1
0,0
0,0
0,0
0,0
0,0
1,1
1,1
0,0
1,1
1,1
0,0
1,1
1,1
0,0
1,0
0,0
1,1
1,1
0,0
0,0
0,0
1,1
0,0
0,0
0,0
1,1
1,1
1,1
0,0
0,0
0,0
0,0
0,0
0,0
0,0
1,1
0,0
1,1
0,0
0,0
0,0
1,1
1,1
0,0
0,0
0,0
1,1
1,1
0,0
1,1
1,1
0,0
0,0
0,0
1,1
1,1
1,1
1,1
0,0
0,0
0,0
0,0
1,1
1,1
1,1
0,0
0,0
0,0
0,0
0,0
1,1
1,1
1,1
